{"schemaVersion":"1.0","appDefinitionTemplate":{"id":"/providers/Microsoft.PowerApps/apps/","type":"Microsoft.PowerApps/apps","tags":{"primaryDeviceWidth":"1366","primaryDeviceHeight":"768","sienaVersion":"20211125T213656Z-3.21111.36.0","deviceCapabilities":"","supportsPortrait":"true","supportsLandscape":"true","primaryFormFactor":"Tablet","publisherVersion":"3.21111.36","minimumRequiredApiVersion":"2.2.0","hasComponent":"true","hasUnlockedComponent":"true","isUnifiedRootApp":"false"},"properties":{"appVersion":"2021-11-25T21:36:56Z","lifeCycleId":"Published","createdByClientVersion":{"major":3,"minor":21111,"build":36,"revision":0,"majorRevision":0,"minorRevision":0},"minClientVersion":{"major":3,"minor":21111,"build":36,"revision":0,"majorRevision":0,"minorRevision":0},"backgroundColor":"rgba(204, 204, 204, 1)","backgroundImageUri":"/4494698518234925984/Ndd680e59-bb80-45cd-a02f-dd970cf67cf0-logoSmallFile","displayName":"Calendrier 2021 Avent","description":"Calendrier Avent FR 2021 sur Office 365 - Vincent GEORGES - V2.1","commitMessage":"","appUris":{"documentUri":{"value":"/4494698518234925984/N1e582006-18ca-4105-b2bc-e1f864232b03-document.msapp"},"imageUris":[]},"createdTime":"0001-01-01T00:00:00Z","lastModifiedTime":"0001-01-01T00:00:00Z","sharedGroupsCount":0,"sharedUsersCount":0,"icons":{"smallIconUri":"/4494698518234925984/N88318a68-35f3-435c-9cdb-86c26d336a06-small.png","mediumIconUri":"/4494698518234925984/Nfe18e5fd-7b4b-41e1-b013-b2df6b810e45-medium.png","largeIconUri":"/4494698518234925984/N8e84bc0a-aa03-4ab5-b1cc-852b008b0761-large.png","wideIconUri":"/4494698518234925984/N158bf723-437d-4528-833c-d80ef8fcd233-wide.png"},"connectionReferences":{},"databaseReferences":{},"almMode":"Environment","performanceOptimizationEnabled":true,"canConsumeAppPass":true,"executionRestrictions":{"isTeamsOnly":false,"dataLossPreventionEvaluationResult":{"status":"Compliant","lastEvaluationDate":"2021-10-16T21:29:14.8362186Z","violations":[],"violationsByPolicy":[],"violationErrorMessage":"The app uses the following connectors: ."}}},"appType":"ClassicCanvasApp","appComponents":[]}}