{"schemaVersion":"1.0","appDefinitionTemplate":{"id":"/providers/Microsoft.PowerApps/apps/","type":"Microsoft.PowerApps/apps","tags":{"primaryDeviceWidth":"1366","primaryDeviceHeight":"768","sienaVersion":"20211125T142218Z-3.21112.22.0","deviceCapabilities":"","supportsPortrait":"true","supportsLandscape":"true","primaryFormFactor":"Tablet","publisherVersion":"3.21112.22","minimumRequiredApiVersion":"2.2.0","hasComponent":"true","hasUnlockedComponent":"true","isUnifiedRootApp":"false"},"properties":{"appVersion":"2021-11-25T14:22:18Z","lifeCycleId":"Published","createdByClientVersion":{"major":3,"minor":21112,"build":22,"revision":0,"majorRevision":0,"minorRevision":0},"minClientVersion":{"major":3,"minor":21112,"build":22,"revision":0,"majorRevision":0,"minorRevision":0},"backgroundColor":"rgba(204, 204, 204, 1)","backgroundImageUri":"/9522859376039234750/Nf921cff8-61dd-4d01-88c8-99456cbebc77-logoSmallFile","displayName":"Calendrier 2022 Avent","description":"Calendrier Avent FR 2021 sur Office 365","commitMessage":"","appUris":{"documentUri":{"value":"/9522859376039234750/Nfacd217a-2b09-43af-93db-652bf12d24c0-document.msapp"},"imageUris":[]},"createdTime":"0001-01-01T00:00:00Z","lastModifiedTime":"0001-01-01T00:00:00Z","sharedGroupsCount":0,"sharedUsersCount":0,"icons":{"smallIconUri":"/9522859376039234750/Nddd6417f-7c73-4f64-b4b7-26506d4436a0-small.png","mediumIconUri":"/9522859376039234750/N918a1d24-7de1-4a26-870a-923bbbbbdd03-medium.png","largeIconUri":"/9522859376039234750/Nc14de3c9-feff-4118-8e61-5192f82e9afe-large.png","wideIconUri":"/9522859376039234750/N44df0044-fd01-489a-9758-7e589d293308-wide.png"},"connectionReferences":{},"databaseReferences":{},"almMode":"Environment","performanceOptimizationEnabled":true,"canConsumeAppPass":true,"executionRestrictions":{"isTeamsOnly":false,"dataLossPreventionEvaluationResult":{"status":"Compliant","lastEvaluationDate":"2021-10-16T21:29:14.8362186Z","violations":[],"violationsByPolicy":[],"violationErrorMessage":"The app uses the following connectors: ."}}},"appType":"ClassicCanvasApp","appComponents":[]}}